Age,Age_Showing,Normative_variability,CI_low,CI_high
-0.2,32 week,0.0090188,0.0086277,0.0094415
-0.1,36 week,0.0090077,0.0086201,0.0094248
0,0,0.0089968,0.0086119,0.0094074
0.1,0.1,0.008986,0.008604,0.0093908
0.2,0.2,0.0089754,0.0085967,0.0093759
0.3,0.3,0.0089649,0.0085921,0.0093592
0.4,0.4,0.0089546,0.0085865,0.0093428
0.5,0.5,0.0089444,0.00858,0.0093265
0.6,0.6,0.0089343,0.0085737,0.0093112
0.7,0.7,0.0089244,0.0085675,0.0092972
0.8,0.8,0.0089147,0.0085608,0.0092835
0.9,0.9,0.008905,0.0085542,0.0092691
1,1,0.0088956,0.0085494,0.0092546
1.1,1.1,0.0088862,0.0085436,0.009239
1.2,1.2,0.0088771,0.0085379,0.0092231
1.3,1.3,0.008868,0.0085324,0.0092073
1.4,1.4,0.0088591,0.0085269,0.0091932
1.5,1.5,0.0088503,0.0085215,0.0091808
1.6,1.6,0.0088417,0.0085163,0.0091672
1.7,1.7,0.0088332,0.0085112,0.0091522
1.8,1.8,0.0088248,0.0085061,0.0091381
1.9,1.9,0.0088166,0.0085009,0.009126
2,2,0.0088085,0.0084961,0.0091141
2.1,2.1,0.0088005,0.0084916,0.0091024
2.2,2.2,0.0087927,0.0084866,0.0090909
2.3,2.3,0.008785,0.0084815,0.0090795
2.4,2.4,0.0087774,0.0084765,0.0090682
2.5,2.5,0.00877,0.0084715,0.0090572
2.6,2.6,0.0087627,0.0084667,0.0090461
2.7,2.7,0.0087555,0.0084621,0.0090355
2.8,2.8,0.0087485,0.0084575,0.0090233
2.9,2.9,0.0087415,0.0084543,0.0090117
3,3,0.0087347,0.0084498,0.0090014
3.1,3.1,0.0087281,0.0084463,0.0089918
3.2,3.2,0.0087215,0.0084437,0.0089812
3.3,3.3,0.0087151,0.0084398,0.0089708
3.4,3.4,0.0087088,0.0084369,0.0089605
3.5,3.5,0.0087026,0.008434,0.0089503
3.6,3.6,0.0086966,0.0084301,0.0089411
3.7,3.7,0.0086907,0.0084274,0.0089324
3.8,3.8,0.0086849,0.0084258,0.0089222
3.9,3.9,0.0086792,0.0084235,0.0089117
4,4,0.0086736,0.0084211,0.0089032
4.1,4.1,0.0086682,0.0084176,0.0088929
4.2,4.2,0.0086628,0.0084137,0.0088838
4.3,4.3,0.0086576,0.0084099,0.0088749
4.4,4.4,0.0086525,0.0084068,0.0088667
4.5,4.5,0.0086476,0.0084048,0.0088583
4.6,4.6,0.0086427,0.0084026,0.0088506
4.7,4.7,0.0086379,0.008399,0.0088431
4.8,4.8,0.0086333,0.0083979,0.0088357
4.9,4.9,0.0086288,0.008397,0.0088284
5,5,0.0086244,0.0083963,0.0088217
5.1,5.1,0.0086201,0.0083948,0.0088143
5.2,5.2,0.0086159,0.0083929,0.0088075
5.3,5.3,0.0086119,0.0083911,0.0088008
5.4,5.4,0.0086079,0.0083894,0.0087947
5.5,5.5,0.0086041,0.0083882,0.008789
5.6,5.6,0.0086004,0.0083863,0.0087827
5.7,5.7,0.0085967,0.0083848,0.0087775
5.8,5.8,0.0085932,0.0083835,0.0087733
5.9,5.9,0.0085898,0.0083832,0.0087666
6,6,0.0085865,0.0083831,0.0087596
6.1,6.1,0.0085833,0.008383,0.0087534
6.2,6.2,0.0085803,0.0083821,0.0087479
6.3,6.3,0.0085773,0.0083811,0.0087425
6.4,6.4,0.0085744,0.0083803,0.0087379
6.5,6.5,0.0085717,0.0083798,0.0087321
6.6,6.6,0.008569,0.008379,0.0087268
6.7,6.7,0.0085665,0.0083785,0.0087212
6.8,6.8,0.008564,0.0083785,0.0087168
6.9,6.9,0.0085617,0.0083786,0.0087129
7,7,0.0085594,0.0083786,0.0087086
7.1,7.1,0.0085573,0.0083771,0.0087042
7.2,7.2,0.0085553,0.008376,0.0086996
7.3,7.3,0.0085533,0.0083758,0.0086957
7.4,7.4,0.0085515,0.0083757,0.0086919
7.5,7.5,0.0085498,0.0083756,0.0086869
7.6,7.6,0.0085481,0.0083757,0.0086825
7.7,7.7,0.0085466,0.0083758,0.0086788
7.8,7.8,0.0085452,0.0083753,0.0086761
7.9,7.9,0.0085438,0.0083746,0.0086732
8,8,0.0085426,0.008374,0.0086696
8.1,8.1,0.0085415,0.0083735,0.0086653
8.2,8.2,0.0085404,0.0083731,0.0086613
8.3,8.3,0.0085395,0.0083728,0.0086589
8.4,8.4,0.0085386,0.0083713,0.0086574
8.5,8.5,0.0085379,0.0083705,0.0086546
8.6,8.6,0.0085372,0.00837,0.0086526
8.7,8.7,0.0085367,0.008371,0.0086506
8.8,8.8,0.0085362,0.0083714,0.0086482
8.9,8.9,0.0085359,0.0083726,0.008645
9,9,0.0085356,0.0083737,0.0086425
9.1,9.1,0.0085354,0.0083747,0.0086404
9.2,9.2,0.0085353,0.0083753,0.0086392
9.3,9.3,0.0085353,0.0083757,0.008638
9.4,9.4,0.0085354,0.0083759,0.0086367
9.5,9.5,0.0085356,0.0083768,0.0086351
9.6,9.6,0.0085359,0.0083779,0.0086346
9.7,9.7,0.0085363,0.0083788,0.0086338
9.8,9.8,0.0085367,0.0083804,0.0086345
9.9,9.9,0.0085373,0.0083824,0.0086354
10,10,0.0085379,0.0083845,0.0086349
10.1,10.1,0.0085387,0.0083867,0.0086339
10.2,10.2,0.0085395,0.0083877,0.0086315
10.3,10.3,0.0085404,0.0083908,0.0086327
10.4,10.4,0.0085414,0.0083934,0.0086328
10.5,10.5,0.0085425,0.0083934,0.0086329
10.6,10.6,0.0085437,0.0083936,0.0086327
10.7,10.7,0.0085449,0.0083941,0.0086332
10.8,10.8,0.0085463,0.0083962,0.0086344
10.9,10.9,0.0085477,0.0083983,0.0086348
11,11,0.0085493,0.0084005,0.0086361
11.1,11.1,0.0085509,0.0084028,0.0086372
11.2,11.2,0.0085526,0.0084052,0.0086389
11.3,11.3,0.0085543,0.0084075,0.00864
11.4,11.4,0.0085562,0.0084087,0.0086407
11.5,11.5,0.0085582,0.0084104,0.0086418
11.6,11.6,0.0085602,0.0084134,0.0086435
11.7,11.7,0.0085623,0.0084169,0.0086443
11.8,11.8,0.0085645,0.0084201,0.0086453
11.9,11.9,0.0085668,0.0084235,0.0086472
12,12,0.0085692,0.0084252,0.0086487
12.1,12.1,0.0085716,0.0084265,0.0086502
12.2,12.2,0.0085742,0.0084276,0.0086538
12.3,12.3,0.0085768,0.0084298,0.0086549
12.4,12.4,0.0085795,0.0084323,0.0086578
12.5,12.5,0.0085823,0.0084361,0.0086612
12.6,12.6,0.0085851,0.0084384,0.0086625
12.7,12.7,0.0085881,0.0084422,0.0086649
12.8,12.8,0.0085911,0.0084464,0.0086678
12.9,12.9,0.0085942,0.0084499,0.0086709
13,13,0.0085974,0.0084523,0.0086741
13.1,13.1,0.0086006,0.0084553,0.0086774
13.2,13.2,0.008604,0.0084582,0.0086812
13.3,13.3,0.0086074,0.0084625,0.008686
13.4,13.4,0.0086109,0.0084667,0.0086908
13.5,13.5,0.0086144,0.00847,0.0086936
13.6,13.6,0.0086181,0.0084738,0.0086963
13.7,13.7,0.0086218,0.008477,0.0086997
13.8,13.8,0.0086256,0.0084802,0.0087055
13.9,13.9,0.0086295,0.0084833,0.0087095
14,14,0.0086335,0.0084865,0.0087128
14.1,14.1,0.0086375,0.0084895,0.0087161
14.2,14.2,0.0086416,0.0084928,0.0087203
14.3,14.3,0.0086458,0.0084965,0.0087247
14.4,14.4,0.0086501,0.0085006,0.0087291
14.5,14.5,0.0086544,0.0085043,0.0087324
14.6,14.6,0.0086588,0.0085069,0.0087371
14.7,14.7,0.0086633,0.0085104,0.0087419
14.8,14.8,0.0086678,0.0085141,0.008746
14.9,14.9,0.0086725,0.008518,0.0087516
15,15,0.0086772,0.0085215,0.008757
15.1,15.1,0.008682,0.0085261,0.0087624
15.2,15.2,0.0086868,0.0085309,0.0087679
15.3,15.3,0.0086917,0.0085358,0.0087728
15.4,15.4,0.0086967,0.0085408,0.0087785
15.5,15.5,0.0087018,0.0085453,0.0087832
15.6,15.6,0.0087069,0.0085492,0.0087881
15.7,15.7,0.0087121,0.0085532,0.0087934
15.8,15.8,0.0087174,0.0085586,0.008799
15.9,15.9,0.0087228,0.0085641,0.0088048
16,16,0.0087282,0.0085697,0.0088103
16.1,16.1,0.0087337,0.0085751,0.0088161
16.2,16.2,0.0087393,0.0085798,0.0088219
16.3,16.3,0.0087449,0.0085843,0.0088282
16.4,16.4,0.0087506,0.0085893,0.0088341
16.5,16.5,0.0087564,0.008594,0.0088405
16.6,16.6,0.0087622,0.008599,0.0088465
16.7,16.7,0.0087681,0.0086043,0.0088528
16.8,16.8,0.0087741,0.0086106,0.0088583
16.9,16.9,0.0087801,0.0086171,0.0088646
17,17,0.0087862,0.0086223,0.0088711
17.1,17.1,0.0087924,0.0086269,0.0088786
17.2,17.2,0.0087987,0.0086318,0.0088861
17.3,17.3,0.008805,0.0086383,0.0088929
17.4,17.4,0.0088114,0.0086451,0.0088998
17.5,17.5,0.0088178,0.0086515,0.0089067
17.6,17.6,0.0088243,0.0086575,0.0089138
17.7,17.7,0.0088309,0.0086635,0.0089208
17.8,17.8,0.0088375,0.0086696,0.0089284
17.9,17.9,0.0088443,0.0086759,0.0089358
18,18,0.008851,0.0086821,0.008943
18.1,18.1,0.0088579,0.0086884,0.0089505
18.2,18.2,0.0088648,0.0086948,0.0089581
18.3,18.3,0.0088717,0.0087013,0.0089657
18.4,18.4,0.0088788,0.0087078,0.0089729
18.5,18.5,0.0088859,0.0087145,0.0089796
18.6,18.6,0.008893,0.0087217,0.0089871
18.7,18.7,0.0089002,0.0087279,0.0089948
18.8,18.8,0.0089075,0.0087348,0.0090032
18.9,18.9,0.0089148,0.0087417,0.0090112
19,19,0.0089223,0.0087487,0.0090189
19.1,19.1,0.0089297,0.0087554,0.0090272
19.2,19.2,0.0089373,0.0087619,0.0090355
19.3,19.3,0.0089448,0.0087687,0.0090439
19.4,19.4,0.0089525,0.0087764,0.0090518
19.5,19.5,0.0089602,0.0087842,0.0090596
19.6,19.6,0.008968,0.008792,0.0090688
19.7,19.7,0.0089758,0.0087995,0.0090778
19.8,19.8,0.0089837,0.0088069,0.0090863
19.9,19.9,0.0089916,0.0088141,0.0090948
20,20,0.0089997,0.0088213,0.0091033
20.1,20.1,0.0090077,0.0088286,0.0091117
20.2,20.2,0.0090159,0.0088365,0.0091208
20.3,20.3,0.009024,0.0088445,0.00913
20.4,20.4,0.0090323,0.0088527,0.0091391
20.5,20.5,0.0090406,0.0088606,0.0091482
20.6,20.6,0.0090489,0.0088688,0.009157
20.7,20.7,0.0090574,0.0088774,0.0091653
20.8,20.8,0.0090658,0.008886,0.0091734
20.9,20.9,0.0090744,0.0088943,0.0091822
21,21,0.009083,0.0089026,0.0091912
21.1,21.1,0.0090916,0.0089109,0.0092004
21.2,21.2,0.0091003,0.0089192,0.0092096
21.3,21.3,0.009109,0.0089279,0.0092188
21.4,21.4,0.0091179,0.0089363,0.0092281
21.5,21.5,0.0091267,0.0089451,0.0092375
21.6,21.6,0.0091356,0.0089538,0.0092468
21.7,21.7,0.0091446,0.0089627,0.0092562
21.8,21.8,0.0091536,0.0089715,0.0092652
21.9,21.9,0.0091627,0.0089804,0.0092747
22,22,0.0091719,0.0089889,0.0092839
22.1,22.1,0.009181,0.0089977,0.0092934
22.2,22.2,0.0091903,0.0090068,0.0093035
22.3,22.3,0.0091996,0.0090156,0.0093133
22.4,22.4,0.0092089,0.0090244,0.0093227
22.5,22.5,0.0092183,0.0090337,0.0093327
22.6,22.6,0.0092278,0.0090438,0.0093425
22.7,22.7,0.0092373,0.0090538,0.0093524
22.8,22.8,0.0092468,0.0090632,0.0093625
22.9,22.9,0.0092564,0.0090725,0.0093727
23,23,0.0092661,0.0090817,0.0093833
23.1,23.1,0.0092758,0.009091,0.0093935
23.2,23.2,0.0092855,0.0091008,0.0094038
23.3,23.3,0.0092953,0.0091109,0.0094142
23.4,23.4,0.0093052,0.009121,0.0094246
23.5,23.5,0.0093151,0.0091308,0.009435
23.6,23.6,0.009325,0.0091407,0.0094459
23.7,23.7,0.009335,0.0091502,0.0094567
23.8,23.8,0.0093451,0.0091607,0.0094674
23.9,23.9,0.0093552,0.0091708,0.0094782
24,24,0.0093653,0.0091803,0.0094891
24.1,24.1,0.0093755,0.0091898,0.0095
24.2,24.2,0.0093857,0.0091995,0.0095106
24.3,24.3,0.009396,0.0092097,0.0095213
24.4,24.4,0.0094063,0.00922,0.009532
24.5,24.5,0.0094167,0.0092306,0.0095427
24.6,24.6,0.0094271,0.0092415,0.0095536
24.7,24.7,0.0094376,0.0092524,0.0095648
24.8,24.8,0.0094481,0.0092633,0.009576
24.9,24.9,0.0094586,0.0092743,0.0095869
25,25,0.0094692,0.0092848,0.009598
25.1,25.1,0.0094799,0.0092953,0.009609
25.2,25.2,0.0094906,0.009306,0.0096204
25.3,25.3,0.0095013,0.0093166,0.0096318
25.4,25.4,0.009512,0.0093273,0.0096432
25.5,25.5,0.0095229,0.0093378,0.0096543
25.6,25.6,0.0095337,0.0093484,0.0096654
25.7,25.7,0.0095446,0.009359,0.0096766
25.8,25.8,0.0095555,0.0093694,0.0096878
25.9,25.9,0.0095665,0.0093797,0.0096997
26,26,0.0095775,0.0093901,0.0097116
26.1,26.1,0.0095886,0.009401,0.0097232
26.2,26.2,0.0095997,0.0094127,0.0097348
26.3,26.3,0.0096108,0.0094238,0.0097464
26.4,26.4,0.009622,0.0094347,0.0097575
26.5,26.5,0.0096332,0.0094458,0.0097684
26.6,26.6,0.0096445,0.0094573,0.0097794
26.7,26.7,0.0096558,0.0094684,0.0097905
26.8,26.8,0.0096671,0.0094795,0.0098024
26.9,26.9,0.0096785,0.0094907,0.0098142
27,27,0.0096899,0.0095028,0.0098262
27.1,27.1,0.0097013,0.0095136,0.0098382
27.2,27.2,0.0097128,0.0095251,0.0098503
27.3,27.3,0.0097243,0.0095368,0.0098624
27.4,27.4,0.0097359,0.009548,0.0098745
27.5,27.5,0.0097475,0.0095591,0.0098861
27.6,27.6,0.0097591,0.0095703,0.0098982
27.7,27.7,0.0097708,0.0095822,0.0099104
27.8,27.8,0.0097825,0.0095943,0.0099225
27.9,27.9,0.0097942,0.0096064,0.0099347
28,28,0.009806,0.0096178,0.0099466
28.1,28.1,0.0098177,0.0096288,0.0099586
28.2,28.2,0.0098296,0.0096401,0.0099706
28.3,28.3,0.0098414,0.0096519,0.0099827
28.4,28.4,0.0098533,0.009664,0.0099948
28.5,28.5,0.0098652,0.0096767,0.010006
28.6,28.6,0.0098772,0.0096885,0.010019
28.7,28.7,0.0098892,0.0097002,0.010031
28.8,28.8,0.0099012,0.0097119,0.010043
28.9,28.9,0.0099133,0.0097237,0.010055
29,29,0.0099253,0.0097357,0.010068
29.1,29.1,0.0099374,0.0097476,0.010081
29.2,29.2,0.0099496,0.0097601,0.010093
29.3,29.3,0.0099617,0.0097728,0.010105
29.4,29.4,0.0099739,0.0097847,0.010118
29.5,29.5,0.0099861,0.0097966,0.01013
29.6,29.6,0.0099984,0.0098091,0.010143
29.7,29.7,0.010011,0.009822,0.010155
29.8,29.8,0.010023,0.0098349,0.010167
29.9,29.9,0.010035,0.0098481,0.01018
30,30,0.010048,0.0098615,0.010193
30.1,30.1,0.01006,0.0098738,0.010206
30.2,30.2,0.010072,0.0098866,0.010218
30.3,30.3,0.010085,0.0098996,0.010231
30.4,30.4,0.010097,0.0099127,0.010243
30.5,30.5,0.01011,0.0099259,0.010255
30.6,30.6,0.010122,0.0099391,0.010268
30.7,30.7,0.010135,0.0099523,0.010281
30.8,30.8,0.010147,0.0099653,0.010295
30.9,30.9,0.01016,0.009978,0.010308
31,31,0.010172,0.0099915,0.01032
31.1,31.1,0.010185,0.010005,0.010333
31.2,31.2,0.010198,0.010018,0.010346
31.3,31.3,0.01021,0.010031,0.010359
31.4,31.4,0.010223,0.010044,0.010372
31.5,31.5,0.010236,0.010056,0.010384
31.6,31.6,0.010248,0.010069,0.010397
31.7,31.7,0.010261,0.010082,0.01041
31.8,31.8,0.010274,0.010095,0.010422
31.9,31.9,0.010287,0.010109,0.010435
32,32,0.010299,0.010122,0.010449
32.1,32.1,0.010312,0.010135,0.010462
32.2,32.2,0.010325,0.010148,0.010475
32.3,32.3,0.010338,0.010161,0.010488
32.4,32.4,0.010351,0.010174,0.010502
32.5,32.5,0.010363,0.010187,0.010515
32.6,32.6,0.010376,0.010201,0.010528
32.7,32.7,0.010389,0.010214,0.010541
32.8,32.8,0.010402,0.010228,0.010554
32.9,32.9,0.010415,0.010242,0.010566
33,33,0.010428,0.010255,0.010579
33.1,33.1,0.010441,0.010269,0.010592
33.2,33.2,0.010454,0.010283,0.010605
33.3,33.3,0.010467,0.010296,0.010618
33.4,33.4,0.01048,0.01031,0.010631
33.5,33.5,0.010493,0.010323,0.010645
33.6,33.6,0.010506,0.010337,0.010658
33.7,33.7,0.010519,0.010351,0.010672
33.8,33.8,0.010532,0.010365,0.010686
33.9,33.9,0.010545,0.010378,0.010699
34,34,0.010558,0.010391,0.010713
34.1,34.1,0.010571,0.010404,0.010727
34.2,34.2,0.010584,0.010417,0.01074
34.3,34.3,0.010597,0.010431,0.010753
34.4,34.4,0.01061,0.010444,0.010765
34.5,34.5,0.010623,0.010457,0.010777
34.6,34.6,0.010636,0.01047,0.01079
34.7,34.7,0.010649,0.010483,0.010804
34.8,34.8,0.010662,0.010496,0.010816
34.9,34.9,0.010675,0.01051,0.01083
35,35,0.010688,0.010523,0.010842
35.1,35.1,0.010701,0.010536,0.010855
35.2,35.2,0.010714,0.010549,0.010868
35.3,35.3,0.010727,0.010563,0.010879
35.4,35.4,0.01074,0.010577,0.010892
35.5,35.5,0.010753,0.01059,0.010905
35.6,35.6,0.010766,0.010603,0.010919
35.7,35.7,0.010779,0.010617,0.010932
35.8,35.8,0.010792,0.01063,0.010945
35.9,35.9,0.010805,0.010644,0.010958
36,36,0.010818,0.010658,0.010972
36.1,36.1,0.010831,0.010671,0.010985
36.2,36.2,0.010844,0.010685,0.010999
36.3,36.3,0.010857,0.010699,0.011012
36.4,36.4,0.01087,0.010712,0.011025
36.5,36.5,0.010883,0.010726,0.011039
36.6,36.6,0.010896,0.01074,0.011052
36.7,36.7,0.010909,0.010754,0.011065
36.8,36.8,0.010922,0.010768,0.011078
36.9,36.9,0.010935,0.010782,0.011091
37,37,0.010948,0.010795,0.011103
37.1,37.1,0.010961,0.010809,0.011116
37.2,37.2,0.010974,0.010823,0.011129
37.3,37.3,0.010987,0.010836,0.011143
37.4,37.4,0.011,0.010849,0.011156
37.5,37.5,0.011013,0.010863,0.01117
37.6,37.6,0.011026,0.010876,0.011183
37.7,37.7,0.011039,0.01089,0.011195
37.8,37.8,0.011052,0.010903,0.011209
37.9,37.9,0.011064,0.010917,0.011221
38,38,0.011077,0.01093,0.011234
38.1,38.1,0.01109,0.010943,0.011246
38.2,38.2,0.011103,0.010956,0.011259
38.3,38.3,0.011116,0.010969,0.011272
38.4,38.4,0.011128,0.010981,0.011284
38.5,38.5,0.011141,0.010994,0.011298
38.6,38.6,0.011154,0.011007,0.011311
38.7,38.7,0.011167,0.011019,0.011325
38.8,38.8,0.011179,0.011032,0.011339
38.9,38.9,0.011192,0.011045,0.011353
39,39,0.011205,0.011058,0.011366
39.1,39.1,0.011217,0.01107,0.011379
39.2,39.2,0.01123,0.011082,0.011392
39.3,39.3,0.011242,0.011095,0.011405
39.4,39.4,0.011255,0.011107,0.011417
39.5,39.5,0.011268,0.01112,0.011429
39.6,39.6,0.01128,0.011133,0.011442
39.7,39.7,0.011292,0.011145,0.011454
39.8,39.8,0.011305,0.011158,0.011467
39.9,39.9,0.011317,0.011171,0.011479
40,40,0.01133,0.011184,0.011492
40.1,40.1,0.011342,0.011196,0.011505
40.2,40.2,0.011354,0.011209,0.011517
40.3,40.3,0.011367,0.011221,0.01153
40.4,40.4,0.011379,0.011234,0.011542
40.5,40.5,0.011391,0.011246,0.011555
40.6,40.6,0.011403,0.011258,0.011567
40.7,40.7,0.011416,0.01127,0.01158
40.8,40.8,0.011428,0.011283,0.011592
40.9,40.9,0.01144,0.011295,0.011604
41,41,0.011452,0.011308,0.011616
41.1,41.1,0.011464,0.01132,0.011629
41.2,41.2,0.011476,0.011333,0.011642
41.3,41.3,0.011488,0.011344,0.011655
41.4,41.4,0.0115,0.011356,0.011667
41.5,41.5,0.011512,0.011367,0.011679
41.6,41.6,0.011524,0.011379,0.011692
41.7,41.7,0.011535,0.011391,0.011706
41.8,41.8,0.011547,0.011403,0.011719
41.9,41.9,0.011559,0.011415,0.011731
42,42,0.011571,0.011426,0.011743
42.1,42.1,0.011582,0.011438,0.011754
42.2,42.2,0.011594,0.01145,0.011765
42.3,42.3,0.011605,0.011462,0.011776
42.4,42.4,0.011617,0.011473,0.011789
42.5,42.5,0.011628,0.011485,0.011801
42.6,42.6,0.01164,0.011497,0.011812
42.7,42.7,0.011651,0.011508,0.011824
42.8,42.8,0.011662,0.01152,0.011834
42.9,42.9,0.011674,0.011531,0.011845
43,43,0.011685,0.011542,0.011857
43.1,43.1,0.011696,0.011553,0.011869
43.2,43.2,0.011707,0.011564,0.01188
43.3,43.3,0.011718,0.011575,0.011892
43.4,43.4,0.011729,0.011585,0.011904
43.5,43.5,0.01174,0.011596,0.011915
43.6,43.6,0.011751,0.011607,0.011926
43.7,43.7,0.011762,0.011618,0.011936
43.8,43.8,0.011773,0.011629,0.011947
43.9,43.9,0.011783,0.011641,0.011957
44,44,0.011794,0.011652,0.011968
44.1,44.1,0.011805,0.011663,0.011979
44.2,44.2,0.011815,0.011674,0.01199
44.3,44.3,0.011826,0.011684,0.012
44.4,44.4,0.011836,0.011695,0.012011
44.5,44.5,0.011847,0.011705,0.012021
44.6,44.6,0.011857,0.011715,0.012031
44.7,44.7,0.011867,0.011725,0.012041
44.8,44.8,0.011878,0.011735,0.012053
44.9,44.9,0.011888,0.011745,0.012064
45,45,0.011898,0.011756,0.012075
45.1,45.1,0.011908,0.011766,0.012085
45.2,45.2,0.011918,0.011775,0.012096
45.3,45.3,0.011928,0.011785,0.012107
45.4,45.4,0.011937,0.011795,0.012118
45.5,45.5,0.011947,0.011805,0.012127
45.6,45.6,0.011957,0.011814,0.012136
45.7,45.7,0.011967,0.011824,0.012146
45.8,45.8,0.011976,0.011833,0.012155
45.9,45.9,0.011986,0.011842,0.012165
46,46,0.011995,0.011852,0.012174
46.1,46.1,0.012004,0.011861,0.012184
46.2,46.2,0.012014,0.01187,0.012194
46.3,46.3,0.012023,0.011879,0.012203
46.4,46.4,0.012032,0.011888,0.012212
46.5,46.5,0.012041,0.011897,0.012222
46.6,46.6,0.01205,0.011906,0.012231
46.7,46.7,0.012059,0.011915,0.01224
46.8,46.8,0.012068,0.011924,0.012249
46.9,46.9,0.012076,0.011934,0.012258
47,47,0.012085,0.011943,0.012267
47.1,47.1,0.012094,0.011952,0.012276
47.2,47.2,0.012102,0.011961,0.012286
47.3,47.3,0.01211,0.01197,0.012294
47.4,47.4,0.012119,0.011978,0.012302
47.5,47.5,0.012127,0.011987,0.01231
47.6,47.6,0.012135,0.011995,0.012318
47.7,47.7,0.012143,0.012003,0.012327
47.8,47.8,0.012151,0.012011,0.012335
47.9,47.9,0.012159,0.012019,0.012343
48,48,0.012167,0.012027,0.012351
48.1,48.1,0.012175,0.012035,0.012358
48.2,48.2,0.012182,0.012042,0.012365
48.3,48.3,0.01219,0.012049,0.012372
48.4,48.4,0.012197,0.012057,0.01238
48.5,48.5,0.012205,0.012065,0.012387
48.6,48.6,0.012212,0.012072,0.012394
48.7,48.7,0.012219,0.01208,0.012401
48.8,48.8,0.012226,0.012088,0.012408
48.9,48.9,0.012233,0.012094,0.012415
49,49,0.01224,0.012101,0.012421
49.1,49.1,0.012247,0.012109,0.012427
49.2,49.2,0.012254,0.012116,0.012434
49.3,49.3,0.01226,0.012122,0.012441
49.4,49.4,0.012267,0.012129,0.012447
49.5,49.5,0.012273,0.012135,0.012454
49.6,49.6,0.01228,0.012141,0.012461
49.7,49.7,0.012286,0.012147,0.012466
49.8,49.8,0.012292,0.012153,0.012472
49.9,49.9,0.012298,0.01216,0.012479
50,50,0.012304,0.012165,0.012485
50.1,50.1,0.01231,0.012171,0.012489
50.2,50.2,0.012316,0.012177,0.012495
50.3,50.3,0.012321,0.012182,0.012501
50.4,50.4,0.012327,0.012188,0.012506
50.5,50.5,0.012332,0.012193,0.012512
50.6,50.6,0.012338,0.012198,0.012517
50.7,50.7,0.012343,0.012203,0.012523
50.8,50.8,0.012348,0.012209,0.012528
50.9,50.9,0.012353,0.012214,0.012533
51,51,0.012358,0.012218,0.012538
51.1,51.1,0.012363,0.012224,0.012543
51.2,51.2,0.012367,0.012229,0.012547
51.3,51.3,0.012372,0.012233,0.012552
51.4,51.4,0.012376,0.012237,0.012557
51.5,51.5,0.012381,0.01224,0.012561
51.6,51.6,0.012385,0.012245,0.012563
51.7,51.7,0.012389,0.012249,0.012566
51.8,51.8,0.012393,0.012253,0.01257
51.9,51.9,0.012397,0.012256,0.012574
52,52,0.012401,0.012261,0.012578
52.1,52.1,0.012404,0.012264,0.012582
52.2,52.2,0.012408,0.012267,0.012586
52.3,52.3,0.012411,0.01227,0.012588
52.4,52.4,0.012414,0.012274,0.012592
52.5,52.5,0.012418,0.012277,0.012595
52.6,52.6,0.012421,0.01228,0.012599
52.7,52.7,0.012424,0.012283,0.012601
52.8,52.8,0.012426,0.012286,0.012603
52.9,52.9,0.012429,0.012288,0.012605
53,53,0.012432,0.012291,0.012608
53.1,53.1,0.012434,0.012293,0.01261
53.2,53.2,0.012436,0.012296,0.012612
53.3,53.3,0.012439,0.012298,0.012613
53.4,53.4,0.012441,0.012299,0.012615
53.5,53.5,0.012443,0.012301,0.012616
53.6,53.6,0.012445,0.012303,0.012619
53.7,53.7,0.012446,0.012305,0.01262
53.8,53.8,0.012448,0.012306,0.01262
53.9,53.9,0.012449,0.012308,0.012622
54,54,0.012451,0.012309,0.012623
54.1,54.1,0.012452,0.01231,0.012624
54.2,54.2,0.012453,0.012311,0.012623
54.3,54.3,0.012454,0.012312,0.012623
54.4,54.4,0.012454,0.012313,0.012624
54.5,54.5,0.012455,0.012313,0.012624
54.6,54.6,0.012456,0.012314,0.012625
54.7,54.7,0.012456,0.012314,0.012624
54.8,54.8,0.012456,0.012314,0.012624
54.9,54.9,0.012456,0.012313,0.012624
55,55,0.012456,0.012312,0.012623
55.1,55.1,0.012456,0.012312,0.012621
55.2,55.2,0.012456,0.012312,0.01262
55.3,55.3,0.012456,0.012311,0.012619
55.4,55.4,0.012455,0.012309,0.012618
55.5,55.5,0.012454,0.012308,0.012616
55.6,55.6,0.012453,0.012308,0.012615
55.7,55.7,0.012453,0.012307,0.012613
55.8,55.8,0.012451,0.012306,0.012611
55.9,55.9,0.01245,0.012305,0.012609
56,56,0.012449,0.012304,0.012607
56.1,56.1,0.012447,0.012301,0.012604
56.2,56.2,0.012446,0.012298,0.012602
56.3,56.3,0.012444,0.012296,0.0126
56.4,56.4,0.012442,0.012294,0.012598
56.5,56.5,0.01244,0.012292,0.012596
56.6,56.6,0.012437,0.01229,0.012593
56.7,56.7,0.012435,0.012288,0.012591
56.8,56.8,0.012432,0.012285,0.012588
56.9,56.9,0.01243,0.012283,0.012585
57,57,0.012427,0.012279,0.012582
57.1,57.1,0.012424,0.012276,0.012578
57.2,57.2,0.012421,0.012272,0.012576
57.3,57.3,0.012418,0.012268,0.012572
57.4,57.4,0.012414,0.012264,0.012568
57.5,57.5,0.012411,0.012261,0.012564
57.6,57.6,0.012407,0.012257,0.01256
57.7,57.7,0.012403,0.012253,0.012556
57.8,57.8,0.012399,0.012249,0.012551
57.9,57.9,0.012395,0.012244,0.012547
58,58,0.01239,0.01224,0.012542
58.1,58.1,0.012386,0.012235,0.012537
58.2,58.2,0.012381,0.012229,0.012532
58.3,58.3,0.012377,0.012225,0.012527
58.4,58.4,0.012372,0.012219,0.012521
58.5,58.5,0.012367,0.012213,0.012515
58.6,58.6,0.012361,0.012207,0.01251
58.7,58.7,0.012356,0.012201,0.012503
58.8,58.8,0.01235,0.012195,0.012496
58.9,58.9,0.012345,0.012188,0.01249
59,59,0.012339,0.012181,0.012485
59.1,59.1,0.012333,0.012174,0.012478
59.2,59.2,0.012327,0.012168,0.012472
59.3,59.3,0.01232,0.012161,0.012465
59.4,59.4,0.012314,0.012153,0.012458
59.5,59.5,0.012307,0.012146,0.012451
59.6,59.6,0.012301,0.012138,0.012444
59.7,59.7,0.012294,0.012129,0.012438
59.8,59.8,0.012287,0.012119,0.012431
59.9,59.9,0.012279,0.012111,0.012424
60,60,0.012272,0.012103,0.012417
60.1,60.1,0.012264,0.012095,0.012408
60.2,60.2,0.012257,0.012087,0.012399
60.3,60.3,0.012249,0.012079,0.01239
60.4,60.4,0.012241,0.012072,0.012381
60.5,60.5,0.012232,0.012063,0.012372
60.6,60.6,0.012224,0.012055,0.012362
60.7,60.7,0.012216,0.012045,0.012353
60.8,60.8,0.012207,0.012036,0.012343
60.9,60.9,0.012198,0.012026,0.012333
61,61,0.012189,0.012015,0.012324
61.1,61.1,0.01218,0.012004,0.012315
61.2,61.2,0.012171,0.011993,0.012307
61.3,61.3,0.012161,0.011982,0.012298
61.4,61.4,0.012151,0.01197,0.012288
61.5,61.5,0.012142,0.01196,0.012276
61.6,61.6,0.012132,0.01195,0.012266
61.7,61.7,0.012122,0.01194,0.012257
61.8,61.8,0.012111,0.01193,0.012247
61.9,61.9,0.012101,0.011918,0.012237
62,62,0.01209,0.011905,0.012226
62.1,62.1,0.012079,0.011893,0.012212
62.2,62.2,0.012068,0.01188,0.012199
62.3,62.3,0.012057,0.011868,0.012187
62.4,62.4,0.012046,0.011855,0.012176
62.5,62.5,0.012035,0.011843,0.012164
62.6,62.6,0.012023,0.01183,0.012152
62.7,62.7,0.012011,0.011815,0.012141
62.8,62.8,0.011999,0.011802,0.012129
62.9,62.9,0.011987,0.011788,0.012117
63,63,0.011975,0.011775,0.012104
63.1,63.1,0.011963,0.011761,0.012092
63.2,63.2,0.01195,0.011746,0.01208
63.3,63.3,0.011937,0.011732,0.012068
63.4,63.4,0.011924,0.011716,0.012055
63.5,63.5,0.011911,0.011701,0.012042
63.6,63.6,0.011898,0.011688,0.012029
63.7,63.7,0.011885,0.011673,0.012017
63.8,63.8,0.011871,0.011657,0.012004
63.9,63.9,0.011857,0.011641,0.011991
64,64,0.011843,0.011626,0.011976
64.1,64.1,0.011829,0.01161,0.011964
64.2,64.2,0.011815,0.011595,0.011951
64.3,64.3,0.011801,0.011578,0.011937
64.4,64.4,0.011786,0.011563,0.011922
64.5,64.5,0.011772,0.011545,0.011908
64.6,64.6,0.011757,0.011529,0.011894
64.7,64.7,0.011742,0.01151,0.01188
64.8,64.8,0.011727,0.011493,0.011864
64.9,64.9,0.011711,0.011473,0.011849
65,65,0.011696,0.011456,0.011834
65.1,65.1,0.01168,0.011438,0.011819
65.2,65.2,0.011664,0.011419,0.011804
65.3,65.3,0.011648,0.0114,0.011789
65.4,65.4,0.011632,0.011381,0.011773
65.5,65.5,0.011616,0.011361,0.011756
65.6,65.6,0.011599,0.011341,0.011739
65.7,65.7,0.011583,0.011321,0.011721
65.8,65.8,0.011566,0.011302,0.011705
65.9,65.9,0.011549,0.011282,0.01169
66,66,0.011532,0.011262,0.011674
66.1,66.1,0.011514,0.011243,0.011658
66.2,66.2,0.011497,0.011224,0.011639
66.3,66.3,0.011479,0.011205,0.011623
66.4,66.4,0.011462,0.011185,0.011607
66.5,66.5,0.011444,0.011164,0.011589
66.6,66.6,0.011426,0.011144,0.011572
66.7,66.7,0.011407,0.011123,0.011555
66.8,66.8,0.011389,0.011101,0.011536
66.9,66.9,0.01137,0.011079,0.011518
67,67,0.011352,0.011057,0.011501
67.1,67.1,0.011333,0.011035,0.011484
67.2,67.2,0.011314,0.011013,0.011465
67.3,67.3,0.011295,0.01099,0.011447
67.4,67.4,0.011275,0.010968,0.011429
67.5,67.5,0.011256,0.010944,0.011411
67.6,67.6,0.011236,0.010921,0.011392
67.7,67.7,0.011216,0.010897,0.011373
67.8,67.8,0.011196,0.010875,0.011354
67.9,67.9,0.011176,0.010853,0.011334
68,68,0.011156,0.010828,0.011313
68.1,68.1,0.011136,0.010804,0.011292
68.2,68.2,0.011115,0.010779,0.01127
68.3,68.3,0.011094,0.010754,0.011249
68.4,68.4,0.011073,0.010728,0.011229
68.5,68.5,0.011052,0.010703,0.011209
68.6,68.6,0.011031,0.010678,0.011189
68.7,68.7,0.01101,0.010653,0.011169
68.8,68.8,0.010988,0.010629,0.011149
68.9,68.9,0.010967,0.010604,0.011129
69,69,0.010945,0.010578,0.011109
69.1,69.1,0.010923,0.010551,0.011088
69.2,69.2,0.010901,0.010526,0.011068
69.3,69.3,0.010879,0.010499,0.011047
69.4,69.4,0.010856,0.010472,0.011027
69.5,69.5,0.010834,0.010446,0.011007
69.6,69.6,0.010811,0.010421,0.010986
69.7,69.7,0.010788,0.010393,0.010964
69.8,69.8,0.010765,0.010366,0.010944
69.9,69.9,0.010742,0.010339,0.010922
70,70,0.010719,0.010313,0.010899
70.1,70.1,0.010696,0.010286,0.010878
70.2,70.2,0.010672,0.01026,0.010855
70.3,70.3,0.010648,0.010233,0.010832
70.4,70.4,0.010625,0.010207,0.010809
70.5,70.5,0.010601,0.01018,0.010787
70.6,70.6,0.010577,0.010153,0.010764
70.7,70.7,0.010552,0.010126,0.01074
70.8,70.8,0.010528,0.010099,0.010717
70.9,70.9,0.010504,0.010072,0.010694
71,71,0.010479,0.010043,0.01067
71.1,71.1,0.010454,0.010015,0.010647
71.2,71.2,0.010429,0.0099864,0.010622
71.3,71.3,0.010404,0.0099569,0.010596
71.4,71.4,0.010379,0.0099273,0.010572
71.5,71.5,0.010354,0.0098991,0.010549
71.6,71.6,0.010328,0.0098711,0.010525
71.7,71.7,0.010303,0.0098418,0.010501
71.8,71.8,0.010277,0.0098124,0.010476
71.9,71.9,0.010251,0.0097829,0.010452
72,72,0.010225,0.0097533,0.010431
72.1,72.1,0.010199,0.0097235,0.010407
72.2,72.2,0.010173,0.0096924,0.010382
72.3,72.3,0.010147,0.0096608,0.010358
72.4,72.4,0.01012,0.0096293,0.010333
72.5,72.5,0.010094,0.0095983,0.010307
72.6,72.6,0.010067,0.0095673,0.010281
72.7,72.7,0.01004,0.0095361,0.010255
72.8,72.8,0.010013,0.0095052,0.010229
72.9,72.9,0.009986,0.0094742,0.010203
73,73,0.0099588,0.0094427,0.010177
73.1,73.1,0.0099315,0.0094117,0.010154
73.2,73.2,0.0099041,0.0093816,0.010128
73.3,73.3,0.0098766,0.0093513,0.010102
73.4,73.4,0.0098489,0.0093209,0.010076
73.5,73.5,0.0098211,0.0092888,0.01005
73.6,73.6,0.0097932,0.0092585,0.010025
73.7,73.7,0.0097652,0.0092273,0.0099987
73.8,73.8,0.0097371,0.009195,0.0099727
73.9,73.9,0.0097089,0.0091629,0.0099465
74,74,0.0096805,0.0091319,0.00992
74.1,74.1,0.0096521,0.0091008,0.0098934
74.2,74.2,0.0096235,0.0090683,0.0098667
74.3,74.3,0.0095948,0.0090348,0.0098399
74.4,74.4,0.0095661,0.0090012,0.0098129
74.5,74.5,0.0095372,0.0089675,0.0097859
74.6,74.6,0.0095082,0.0089337,0.0097588
74.7,74.7,0.0094791,0.0088999,0.0097315
74.8,74.8,0.0094499,0.0088666,0.0097025
74.9,74.9,0.0094206,0.0088342,0.0096734
75,75,0.0093912,0.0088017,0.0096469
75.1,75.1,0.0093617,0.008769,0.0096194
75.2,75.2,0.0093321,0.0087364,0.0095903
75.3,75.3,0.0093025,0.0087031,0.0095611
75.4,75.4,0.0092727,0.0086691,0.0095317
75.5,75.5,0.0092428,0.008635,0.0095023
75.6,75.6,0.0092128,0.0086008,0.0094728
75.7,75.7,0.0091828,0.0085666,0.0094446
75.8,75.8,0.0091526,0.008533,0.0094164
75.9,75.9,0.0091224,0.0084994,0.0093882
76,76,0.009092,0.0084656,0.0093587
76.1,76.1,0.0090616,0.0084318,0.0093284
76.2,76.2,0.0090311,0.0083978,0.0093005
76.3,76.3,0.0090005,0.0083636,0.0092732
76.4,76.4,0.0089698,0.0083298,0.0092454
76.5,76.5,0.008939,0.0082959,0.0092166
76.6,76.6,0.0089082,0.0082618,0.0091874
76.7,76.7,0.0088773,0.0082276,0.0091582
76.8,76.8,0.0088462,0.0081933,0.0091296
76.9,76.9,0.0088152,0.008159,0.0091005
77,77,0.008784,0.0081239,0.0090705
77.1,77.1,0.0087527,0.0080897,0.0090405
77.2,77.2,0.0087214,0.0080555,0.0090104
77.3,77.3,0.00869,0.008021,0.0089803
77.4,77.4,0.0086586,0.0079861,0.00895
77.5,77.5,0.008627,0.0079504,0.0089197
77.6,77.6,0.0085954,0.0079146,0.0088893
77.7,77.7,0.0085637,0.0078788,0.0088588
77.8,77.8,0.008532,0.0078435,0.0088283
77.9,77.9,0.0085002,0.0078086,0.0087976
78,78,0.0084683,0.0077737,0.0087669
78.1,78.1,0.0084364,0.0077388,0.0087361
78.2,78.2,0.0084044,0.0077034,0.0087054
78.3,78.3,0.0083723,0.0076674,0.0086757
78.4,78.4,0.0083402,0.0076314,0.008646
78.5,78.5,0.008308,0.0075953,0.0086148
78.6,78.6,0.0082757,0.0075592,0.0085831
78.7,78.7,0.0082434,0.0075231,0.0085514
78.8,78.8,0.008211,0.007488,0.0085196
78.9,78.9,0.0081786,0.0074531,0.0084878
79,79,0.0081462,0.0074181,0.0084568
79.1,79.1,0.0081136,0.0073832,0.0084268
79.2,79.2,0.0080811,0.0073482,0.0083968
79.3,79.3,0.0080485,0.0073132,0.0083667
79.4,79.4,0.0080158,0.0072782,0.0083366
79.5,79.5,0.0079831,0.0072432,0.0083064
79.6,79.6,0.0079503,0.0072081,0.0082761
79.7,79.7,0.0079175,0.0071731,0.0082458
79.8,79.8,0.0078846,0.007138,0.0082154
79.9,79.9,0.0078518,0.0071029,0.008185
80,80,0.0078188,0.0070678,0.0081546
